,y,x,optimal_steps_count,converged,reached_horizon,steps_taken,extra_steps,t_min_over_t,y_source_cm,x_source_cm,y_agent_cm,x_agent_cm,odor_field_file,odor_field_file_2
mean,,,,0.8813559322033898,0.11864406779661017,497.52542372881356,467.2542372881356,0.14662798621388312,,,,,,
standard_deviation,,,,0.3233692208193036,0.3233692208193036,311.5823669393573,309.7239390396693,0.21991223769739213,,,,,,
success_mean,,,,1.0,0.0,429.88461538461536,400.24038461538464,0.1616644458965212,,,,,,
success_standard_deviation,,,,0.0,0.0,268.85775311770556,267.7013078001467,0.2312228118762971,,,,,,
run_0,51.0,65.0,13.0,True,False,375.0,362.0,0.034666666666666665,64.0,36.0,76.0,52.0,/storage/arnaud/tank_odor_field_2024_06_13/35_75.h5,
run_1,48.0,52.0,7.0,True,False,9.0,2.0,0.7777777777777778,68.0,36.0,74.0,26.0,/storage/arnaud/tank_odor_field_2024_06_13/35_75.h5,
run_2,45.0,70.0,12.0,True,False,252.0,240.0,0.047619047619047616,62.0,46.0,62.0,72.0,/storage/arnaud/tank_odor_field_2024_06_13/35_75.h5,
run_3,16.0,67.0,38.0,False,True,1000.0,962.0,0.038,62.0,60.0,4.0,80.0,/storage/arnaud/tank_odor_field_2024_06_13/65_75.h5,
run_4,58.0,58.0,13.0,True,False,767.0,754.0,0.01694915254237288,62.0,76.0,88.0,78.0,/storage/arnaud/tank_odor_field_2024_06_13/65_75.h5,
run_5,36.0,66.0,17.0,True,False,27.0,10.0,0.6296296296296297,58.0,64.0,40.0,82.0,/storage/arnaud/tank_odor_field_2024_06_13/65_75.h5,
run_6,37.0,74.0,24.0,True,False,26.0,2.0,0.9230769230769231,56.0,70.0,40.0,104.0,/storage/arnaud/tank_odor_field_2024_06_13/65_75.h5,
run_7,46.0,65.0,8.0,True,False,498.0,490.0,0.01606425702811245,62.0,60.0,64.0,76.0,/storage/arnaud/tank_odor_field_2024_06_13/65_75.h5,
run_8,48.0,48.0,11.0,True,False,13.0,2.0,0.8461538461538461,72.0,56.0,78.0,38.0,/storage/arnaud/tank_odor_field_2024_06_13/65_75.h5,
run_9,36.0,73.0,24.0,True,False,546.0,522.0,0.04395604395604396,68.0,56.0,50.0,88.0,/storage/arnaud/tank_odor_field_2024_06_13/65_75.h5,
run_10,55.0,60.0,12.0,False,True,1000.0,988.0,0.012,60.0,70.0,80.0,76.0,/storage/arnaud/tank_odor_field_2024_06_13/65_75.h5,
run_11,70.0,46.0,35.0,True,False,967.0,932.0,0.03619441571871768,32.0,24.0,82.0,2.0,/storage/arnaud/tank_odor_field_2024_06_13/35_35.h5,
run_12,47.0,92.0,36.0,True,False,130.0,94.0,0.27692307692307694,24.0,30.0,28.0,100.0,/storage/arnaud/tank_odor_field_2024_06_13/35_35.h5,
run_13,40.0,95.0,42.0,True,False,414.0,372.0,0.10144927536231885,38.0,30.0,28.0,106.0,/storage/arnaud/tank_odor_field_2024_06_13/35_35.h5,
run_14,38.0,87.0,36.0,True,False,384.0,348.0,0.09375,24.0,28.0,10.0,88.0,/storage/arnaud/tank_odor_field_2024_06_13/35_35.h5,
run_15,23.0,85.0,49.0,True,False,445.0,396.0,0.1101123595505618,44.0,32.0,0.0,88.0,/storage/arnaud/tank_odor_field_2024_06_13/35_35.h5,
run_16,25.0,73.0,35.0,True,False,233.0,198.0,0.15021459227467812,44.0,32.0,4.0,64.0,/storage/arnaud/tank_odor_field_2024_06_13/35_35.h5,
run_17,36.0,95.0,46.0,True,False,458.0,412.0,0.10043668122270742,24.0,36.0,6.0,112.0,/storage/arnaud/tank_odor_field_2024_06_13/35_35.h5,
run_18,31.0,84.0,40.0,True,False,218.0,178.0,0.1834862385321101,44.0,34.0,16.0,88.0,/storage/arnaud/tank_odor_field_2024_06_13/35_35.h5,
run_19,37.0,62.0,12.0,True,False,242.0,230.0,0.049586776859504134,28.0,36.0,12.0,46.0,/storage/arnaud/tank_odor_field_2024_06_13/35_35.h5,
run_20,25.0,56.0,20.0,True,False,452.0,432.0,0.04424778761061947,44.0,38.0,4.0,36.0,/storage/arnaud/tank_odor_field_2024_06_13/35_35.h5,
run_21,47.0,79.0,23.0,True,False,219.0,196.0,0.1050228310502283,26.0,38.0,30.0,82.0,/storage/arnaud/tank_odor_field_2024_06_13/35_35.h5,
run_22,47.0,78.0,22.0,True,False,386.0,364.0,0.05699481865284974,44.0,34.0,48.0,76.0,/storage/arnaud/tank_odor_field_2024_06_13/35_35.h5,
run_23,31.0,64.0,20.0,True,False,216.0,196.0,0.09259259259259259,44.0,40.0,16.0,54.0,/storage/arnaud/tank_odor_field_2024_06_13/35_35.h5,
run_24,57.0,83.0,37.0,True,False,813.0,776.0,0.04551045510455105,44.0,36.0,68.0,88.0,/storage/arnaud/tank_odor_field_2024_06_13/35_35.h5,
run_25,59.0,57.0,13.0,True,False,825.0,812.0,0.01575757575757576,44.0,38.0,72.0,38.0,/storage/arnaud/tank_odor_field_2024_06_13/35_35.h5,
run_26,61.0,53.0,19.0,True,False,837.0,818.0,0.022700119474313024,44.0,38.0,76.0,30.0,/storage/arnaud/tank_odor_field_2024_06_13/35_35.h5,
run_27,53.0,89.0,39.0,True,False,265.0,226.0,0.1471698113207547,38.0,38.0,54.0,102.0,/storage/arnaud/tank_odor_field_2024_06_13/35_35.h5,
run_28,24.0,52.0,25.0,True,False,455.0,430.0,0.054945054945054944,44.0,38.0,2.0,28.0,/storage/arnaud/tank_odor_field_2024_06_13/35_35.h5,
run_29,56.0,78.0,31.0,True,False,259.0,228.0,0.11969111969111969,44.0,40.0,66.0,82.0,/storage/arnaud/tank_odor_field_2024_06_13/35_35.h5,
run_30,27.0,61.0,21.0,True,False,727.0,706.0,0.02888583218707015,44.0,36.0,8.0,44.0,/storage/arnaud/tank_odor_field_2024_06_13/35_35.h5,
run_31,70.0,43.0,38.0,True,False,494.0,456.0,0.07692307692307693,38.0,34.0,88.0,6.0,/storage/arnaud/tank_odor_field_2024_06_13/35_35.h5,
run_32,25.0,75.0,37.0,True,False,217.0,180.0,0.17050691244239632,40.0,36.0,0.0,72.0,/storage/arnaud/tank_odor_field_2024_06_13/35_35.h5,
run_33,71.0,56.0,26.0,True,False,636.0,610.0,0.040880503144654086,20.0,40.0,72.0,38.0,/storage/arnaud/tank_odor_field_2024_06_13/35_35.h5,
run_34,73.0,61.0,31.0,True,False,317.0,286.0,0.09779179810725552,22.0,38.0,78.0,46.0,/storage/arnaud/tank_odor_field_2024_06_13/35_35.h5,
run_35,79.0,43.0,47.0,True,False,329.0,282.0,0.14285714285714285,20.0,40.0,88.0,12.0,/storage/arnaud/tank_odor_field_2024_06_13/35_35.h5,
run_36,46.0,83.0,26.0,True,False,362.0,336.0,0.0718232044198895,22.0,38.0,24.0,90.0,/storage/arnaud/tank_odor_field_2024_06_13/35_35.h5,
run_37,79.0,74.0,50.0,True,False,452.0,402.0,0.11061946902654868,18.0,36.0,86.0,70.0,/storage/arnaud/tank_odor_field_2024_06_13/35_35.h5,
run_38,79.0,52.0,38.0,True,False,326.0,288.0,0.1165644171779141,20.0,38.0,88.0,28.0,/storage/arnaud/tank_odor_field_2024_06_13/35_35.h5,
run_39,51.0,76.0,24.0,True,False,212.0,188.0,0.11320754716981132,24.0,40.0,36.0,78.0,/storage/arnaud/tank_odor_field_2024_06_13/35_35.h5,
run_40,36.0,81.0,32.0,False,True,1000.0,968.0,0.032,22.0,38.0,4.0,86.0,/storage/arnaud/tank_odor_field_2024_06_13/35_35.h5,
run_41,73.0,72.0,42.0,True,False,316.0,274.0,0.13291139240506328,28.0,38.0,84.0,68.0,/storage/arnaud/tank_odor_field_2024_06_13/35_35.h5,
run_42,64.0,75.0,36.0,True,False,420.0,384.0,0.08571428571428572,30.0,34.0,68.0,70.0,/storage/arnaud/tank_odor_field_2024_06_13/35_35.h5,
run_43,64.0,81.0,42.0,False,True,1000.0,958.0,0.042,26.0,34.0,64.0,82.0,/storage/arnaud/tank_odor_field_2024_06_13/35_35.h5,
run_44,43.0,75.0,19.0,True,False,225.0,206.0,0.08444444444444445,26.0,36.0,22.0,72.0,/storage/arnaud/tank_odor_field_2024_06_13/35_35.h5,
run_45,50.0,76.0,23.0,True,False,131.0,108.0,0.17557251908396945,24.0,34.0,34.0,72.0,/storage/arnaud/tank_odor_field_2024_06_13/35_35.h5,
run_46,44.0,84.0,27.0,True,False,357.0,330.0,0.07563025210084033,28.0,38.0,26.0,92.0,/storage/arnaud/tank_odor_field_2024_06_13/35_35.h5,
run_47,64.0,79.0,40.0,True,False,592.0,552.0,0.06756756756756757,26.0,38.0,64.0,82.0,/storage/arnaud/tank_odor_field_2024_06_13/35_35.h5,
run_48,32.0,81.0,36.0,False,True,1000.0,964.0,0.036,30.0,38.0,4.0,86.0,/storage/arnaud/tank_odor_field_2024_06_13/35_35.h5,
run_49,73.0,85.0,55.0,True,False,167.0,112.0,0.32934131736526945,30.0,34.0,86.0,90.0,/storage/arnaud/tank_odor_field_2024_06_13/35_35.h5,
run_50,67.0,71.0,35.0,True,False,321.0,286.0,0.10903426791277258,36.0,34.0,80.0,62.0,/storage/arnaud/tank_odor_field_2024_06_13/35_35.h5,
run_51,69.0,70.0,36.0,True,False,212.0,176.0,0.16981132075471697,40.0,30.0,88.0,56.0,/storage/arnaud/tank_odor_field_2024_06_13/35_35.h5,
run_52,62.0,76.0,35.0,True,False,449.0,414.0,0.0779510022271715,40.0,28.0,74.0,66.0,/storage/arnaud/tank_odor_field_2024_06_13/35_35.h5,
run_53,65.0,64.0,26.0,True,False,404.0,378.0,0.06435643564356436,26.0,30.0,66.0,44.0,/storage/arnaud/tank_odor_field_2024_06_13/35_35.h5,
run_54,36.0,66.0,17.0,True,False,653.0,636.0,0.026033690658499236,18.0,42.0,0.0,60.0,/storage/arnaud/tank_odor_field_2024_06_13/45_5.h5,
run_55,30.0,80.0,37.0,True,False,205.0,168.0,0.18048780487804877,44.0,42.0,14.0,88.0,/storage/arnaud/tank_odor_field_2024_06_13/45_35.h5,
run_56,57.0,72.0,26.0,True,False,874.0,848.0,0.029748283752860413,46.0,42.0,70.0,72.0,/storage/arnaud/tank_odor_field_2024_06_13/45_35.h5,
run_57,69.0,68.0,34.0,True,False,776.0,742.0,0.04381443298969072,24.0,42.0,72.0,64.0,/storage/arnaud/tank_odor_field_2024_06_13/45_35.h5,
run_58,79.0,58.0,34.0,True,False,314.0,280.0,0.10828025477707007,22.0,42.0,90.0,44.0,/storage/arnaud/tank_odor_field_2024_06_13/45_35.h5,
run_59,78.0,60.0,35.0,True,False,305.0,270.0,0.11475409836065574,22.0,42.0,88.0,48.0,/storage/arnaud/tank_odor_field_2024_06_13/45_35.h5,
run_60,55.0,76.0,28.0,True,False,668.0,640.0,0.041916167664670656,40.0,42.0,60.0,80.0,/storage/arnaud/tank_odor_field_2024_06_13/45_35.h5,
run_61,21.0,50.0,30.0,True,False,636.0,606.0,0.04716981132075472,66.0,28.0,18.0,14.0,/storage/arnaud/tank_odor_field_2024_06_13/25_65.h5,
run_62,33.0,46.0,22.0,True,False,26.0,4.0,0.8461538461538461,66.0,30.0,42.0,8.0,/storage/arnaud/tank_odor_field_2024_06_13/25_65.h5,
run_63,29.0,45.0,27.0,True,False,31.0,4.0,0.8709677419354839,62.0,30.0,30.0,6.0,/storage/arnaud/tank_odor_field_2024_06_13/25_65.h5,
run_64,17.0,56.0,28.0,True,False,754.0,726.0,0.03713527851458886,60.0,36.0,4.0,34.0,/storage/arnaud/tank_odor_field_2024_06_13/25_65.h5,
run_65,49.0,86.0,32.0,True,False,246.0,214.0,0.13008130081300814,64.0,32.0,72.0,90.0,/storage/arnaud/tank_odor_field_2024_06_13/25_65.h5,
run_66,56.0,44.0,23.0,False,True,1000.0,977.0,0.023,44.0,56.0,66.0,30.0,/storage/arnaud/tank_odor_field_2024_06_13/55_45.h5,
run_67,29.0,55.0,17.0,True,False,501.0,484.0,0.033932135728542916,42.0,78.0,10.0,74.0,/storage/arnaud/tank_odor_field_2024_06_13/55_45.h5,
run_68,55.0,64.0,16.0,True,False,546.0,530.0,0.029304029304029304,46.0,78.0,66.0,92.0,/storage/arnaud/tank_odor_field_2024_06_13/55_45.h5,
run_69,31.0,44.0,26.0,False,True,1000.0,974.0,0.026,54.0,62.0,26.0,36.0,/storage/arnaud/tank_odor_field_2024_06_13/55_45.h5,
run_70,58.0,65.0,20.0,True,False,24.0,4.0,0.8333333333333334,56.0,58.0,82.0,74.0,/storage/arnaud/tank_odor_field_2024_06_13/55_45.h5,
run_71,51.0,53.0,9.0,True,False,11.0,2.0,0.8181818181818182,54.0,58.0,66.0,50.0,/storage/arnaud/tank_odor_field_2024_06_13/55_45.h5,
run_72,58.0,63.0,18.0,True,False,20.0,2.0,0.9,58.0,62.0,84.0,74.0,/storage/arnaud/tank_odor_field_2024_06_13/55_45.h5,
run_73,48.0,71.0,16.0,True,False,979.0,963.0,0.01634320735444331,56.0,60.0,62.0,88.0,/storage/arnaud/tank_odor_field_2024_06_13/55_45.h5,
run_74,37.0,71.0,21.0,True,False,631.0,610.0,0.03328050713153724,52.0,68.0,36.0,96.0,/storage/arnaud/tank_odor_field_2024_06_13/55_45.h5,
run_75,20.0,48.0,33.0,False,True,1000.0,967.0,0.033,54.0,64.0,4.0,46.0,/storage/arnaud/tank_odor_field_2024_06_13/55_45.h5,
run_76,26.0,64.0,25.0,True,False,945.0,920.0,0.026455026455026454,52.0,78.0,14.0,92.0,/storage/arnaud/tank_odor_field_2024_06_13/55_45.h5,
run_77,61.0,62.0,20.0,True,False,22.0,2.0,0.9090909090909091,52.0,60.0,84.0,70.0,/storage/arnaud/tank_odor_field_2024_06_13/55_45.h5,
run_78,61.0,29.0,43.0,True,False,171.0,128.0,0.25146198830409355,42.0,76.0,74.0,20.0,/storage/arnaud/tank_odor_field_2024_06_13/55_45.h5,
run_79,44.0,26.0,31.0,True,False,979.0,948.0,0.031664964249233915,40.0,76.0,38.0,14.0,/storage/arnaud/tank_odor_field_2024_06_13/55_45.h5,
run_80,31.0,30.0,40.0,True,False,836.0,796.0,0.04784688995215311,46.0,76.0,18.0,22.0,/storage/arnaud/tank_odor_field_2024_06_13/55_45.h5,
run_81,45.0,26.0,30.0,True,False,578.0,548.0,0.05190311418685121,42.0,78.0,42.0,16.0,/storage/arnaud/tank_odor_field_2024_06_13/55_45.h5,
run_82,37.0,44.0,20.0,True,False,392.0,372.0,0.05102040816326531,40.0,78.0,24.0,52.0,/storage/arnaud/tank_odor_field_2024_06_13/55_45.h5,
run_83,29.0,90.0,48.0,False,True,1000.0,952.0,0.048,56.0,16.0,24.0,82.0,/storage/arnaud/tank_odor_field_2024_06_13/20_65.h5,
run_84,35.0,94.0,46.0,True,False,260.0,214.0,0.17692307692307693,56.0,18.0,36.0,92.0,/storage/arnaud/tank_odor_field_2024_06_13/20_65.h5,
run_85,36.0,96.0,47.0,True,False,993.0,946.0,0.0473313192346425,58.0,16.0,40.0,94.0,/storage/arnaud/tank_odor_field_2024_06_13/20_65.h5,
run_86,55.0,96.0,48.0,True,False,720.0,672.0,0.06666666666666667,58.0,16.0,78.0,94.0,/storage/arnaud/tank_odor_field_2024_06_13/20_65.h5,
run_87,58.0,84.0,39.0,True,False,431.0,392.0,0.09048723897911833,60.0,14.0,86.0,68.0,/storage/arnaud/tank_odor_field_2024_06_13/20_65.h5,
run_88,27.0,94.0,54.0,True,False,158.0,104.0,0.34177215189873417,60.0,14.0,24.0,88.0,/storage/arnaud/tank_odor_field_2024_06_13/20_65.h5,
run_89,59.0,88.0,44.0,False,True,1000.0,956.0,0.044,58.0,12.0,86.0,74.0,/storage/arnaud/tank_odor_field_2024_06_13/20_65.h5,
run_90,57.0,85.0,39.0,True,False,249.0,210.0,0.1566265060240964,56.0,14.0,80.0,70.0,/storage/arnaud/tank_odor_field_2024_06_13/20_65.h5,
run_91,28.0,43.0,30.0,True,False,252.0,222.0,0.11904761904761904,48.0,30.0,14.0,2.0,/storage/arnaud/tank_odor_field_2024_06_13/25_55.h5,
run_92,23.0,76.0,40.0,True,False,842.0,802.0,0.047505938242280284,58.0,32.0,14.0,70.0,/storage/arnaud/tank_odor_field_2024_06_13/25_55.h5,
run_93,49.0,87.0,33.0,True,False,829.0,796.0,0.039806996381182146,58.0,30.0,66.0,90.0,/storage/arnaud/tank_odor_field_2024_06_13/25_55.h5,
run_94,23.0,84.0,48.0,False,True,1000.0,952.0,0.048,46.0,30.0,2.0,84.0,/storage/arnaud/tank_odor_field_2024_06_13/25_55.h5,
run_95,25.0,80.0,42.0,True,False,952.0,910.0,0.04411764705882353,50.0,30.0,10.0,76.0,/storage/arnaud/tank_odor_field_2024_06_13/25_55.h5,
run_96,57.0,72.0,26.0,True,False,888.0,862.0,0.02927927927927928,58.0,36.0,82.0,66.0,/storage/arnaud/tank_odor_field_2024_06_13/25_55.h5,
run_97,52.0,80.0,29.0,True,False,571.0,542.0,0.050788091068301226,50.0,34.0,64.0,80.0,/storage/arnaud/tank_odor_field_2024_06_13/25_55.h5,
run_98,50.0,87.0,34.0,True,False,264.0,230.0,0.12878787878787878,56.0,40.0,66.0,100.0,/storage/arnaud/tank_odor_field_2024_06_13/25_55.h5,
run_99,58.0,49.0,20.0,True,False,198.0,178.0,0.10101010101010101,52.0,38.0,78.0,22.0,/storage/arnaud/tank_odor_field_2024_06_13/25_55.h5,
run_100,24.0,83.0,46.0,True,False,590.0,544.0,0.07796610169491526,48.0,22.0,6.0,74.0,/storage/arnaud/tank_odor_field_2024_06_13/25_55.h5,
run_101,64.0,68.0,29.0,True,False,467.0,438.0,0.06209850107066381,44.0,26.0,82.0,48.0,/storage/arnaud/tank_odor_field_2024_06_13/25_55.h5,
run_102,47.0,86.0,30.0,True,False,442.0,412.0,0.06787330316742081,50.0,22.0,54.0,80.0,/storage/arnaud/tank_odor_field_2024_06_13/25_55.h5,
run_103,67.0,80.0,44.0,True,False,896.0,852.0,0.049107142857142856,46.0,26.0,90.0,72.0,/storage/arnaud/tank_odor_field_2024_06_13/25_55.h5,
run_104,65.0,54.0,22.0,True,False,482.0,460.0,0.04564315352697095,48.0,28.0,88.0,22.0,/storage/arnaud/tank_odor_field_2024_06_13/25_55.h5,
run_105,66.0,82.0,45.0,False,True,1000.0,955.0,0.045,46.0,26.0,88.0,76.0,/storage/arnaud/tank_odor_field_2024_06_13/25_55.h5,
run_106,45.0,77.0,19.0,True,False,539.0,520.0,0.03525046382189239,48.0,22.0,48.0,62.0,/storage/arnaud/tank_odor_field_2024_06_13/25_55.h5,
run_107,54.0,74.0,25.0,True,False,557.0,532.0,0.04488330341113106,48.0,28.0,66.0,62.0,/storage/arnaud/tank_odor_field_2024_06_13/25_55.h5,
run_108,63.0,56.0,18.0,True,False,262.0,244.0,0.06870229007633588,42.0,26.0,78.0,24.0,/storage/arnaud/tank_odor_field_2024_06_13/15_45.h5,
run_109,62.0,66.0,25.0,True,False,501.0,476.0,0.0499001996007984,46.0,20.0,80.0,38.0,/storage/arnaud/tank_odor_field_2024_06_13/15_45.h5,
run_110,57.0,85.0,39.0,True,False,505.0,466.0,0.07722772277227723,42.0,22.0,66.0,78.0,/storage/arnaud/tank_odor_field_2024_06_13/15_45.h5,
run_111,65.0,75.0,37.0,True,False,493.0,456.0,0.07505070993914807,42.0,22.0,82.0,58.0,/storage/arnaud/tank_odor_field_2024_06_13/15_45.h5,
run_112,53.0,84.0,34.0,True,False,420.0,386.0,0.08095238095238096,48.0,20.0,64.0,74.0,/storage/arnaud/tank_odor_field_2024_06_13/15_45.h5,
run_113,39.0,43.0,19.0,False,True,1000.0,981.0,0.019,24.0,58.0,12.0,30.0,/storage/arnaud/tank_odor_field_2024_06_13/55_25.h5,
run_114,71.0,60.0,28.0,True,False,150.0,122.0,0.18666666666666668,14.0,62.0,66.0,68.0,/storage/arnaud/tank_odor_field_2024_06_13/55_25.h5,
run_115,78.0,68.0,43.0,False,True,1000.0,957.0,0.043,12.0,56.0,78.0,78.0,/storage/arnaud/tank_odor_field_2024_06_13/55_25.h5,
run_116,74.0,49.0,36.0,True,False,136.0,100.0,0.2647058823529412,12.0,78.0,70.0,62.0,/storage/arnaud/tank_odor_field_2024_06_13/55_25.h5,
run_117,73.0,57.0,27.0,True,False,141.0,114.0,0.19148936170212766,12.0,80.0,68.0,80.0,/storage/arnaud/tank_odor_field_2024_06_13/55_25.h5,
